{
  "project_info": {
    "project_number": "970421175604",
    "firebase_url": "https://deteling-1324e-default-rtdb.firebaseio.com",
    "project_id": "deteling-1324e",
    "storage_bucket": "deteling-1324e.firebasestorage.app"
  },
  "client": [
    {
      "client_info": {
        "mobilesdk_app_id": "1:970421175604:android:5ec7f517dc3d2544acd161",
        "android_client_info": {
          "package_name": "com.example.deteling"
        }
      },
      "oauth_client": [],
      "api_key": [
        {
          "current_key": "AIzaSyDxNpusXjYGXMd1vCc6Bx_nIZ2RaAaV9TE"
        }
      ],
      "services": {
        "appinvite_service": {
          "other_platform_oauth_client": []
        }
      }
    }
  ],
  "configuration_version": "1"
}