{
  "project_info": {
    "project_number": "500479293649",
    "firebase_url": "https://amati-6786e-default-rtdb.firebaseio.com",
    "project_id": "amati-6786e",
    "storage_bucket": "amati-6786e.firebasestorage.app"
  },
  "client": [
    {
      "client_info": {
        "mobilesdk_app_id": "1:500479293649:android:97f6b1879483d1239aedf0",
        "android_client_info": {
          "package_name": "com.example.myapplication"
        }
      },
      "oauth_client": [],
      "api_key": [
        {
          "current_key": "AIzaSyBUOUlpLn7aykOPv9bZ5FUg7yPfiP6N6HM"
        }
      ],
      "services": {
        "appinvite_service": {
          "other_platform_oauth_client": []
        }
      }
    }
  ],
  "configuration_version": "1"
}